City_ID,City,Country,Lat,Lng,Max Temp,Humidity,Cloudiness,Wind Speed,Current Description
0,Akhmim,EG,26.5622,31.745,86.2,37,0,14.32,clear sky
1,Karwar,IN,14.8,74.1333,77.59,87,98,2.21,overcast clouds
2,Hithadhoo,MV,-0.6,73.0833,82.56,68,100,17.74,overcast clouds
3,Hofn,IS,64.2539,-15.2082,42.82,56,90,11.5,overcast clouds
4,Bathsheba,BB,13.2167,-59.5167,88.41,66,75,12.66,broken clouds
5,Pevek,RU,69.7008,170.3133,27.95,82,100,9.6,overcast clouds
6,Cidreira,BR,-30.1811,-50.2056,66.13,75,31,10.22,scattered clouds
7,Arraial Do Cabo,BR,-22.9661,-42.0278,75.16,56,0,32.21,clear sky
8,Yambio,SS,4.5721,28.3955,67.24,96,95,3.94,overcast clouds
9,Hasaki,JP,35.7333,140.8333,70.29,74,100,16.93,overcast clouds
10,Tiznit,MA,29.5833,-9.5,67.08,61,0,5.79,clear sky
11,Vaini,TO,-21.2,-175.2,68.16,77,20,10.36,few clouds
12,Isfana,KG,39.8386,69.5306,50.56,23,0,2.33,clear sky
13,Laguna,US,38.421,-121.4238,96.64,35,1,4.0,clear sky
14,Kyabe,TD,9.4515,18.9449,74.7,91,47,2.42,scattered clouds
15,Isangel,VU,-19.55,169.2667,68.11,77,100,3.44,overcast clouds
16,Ahuimanu,US,21.4447,-157.8378,79.45,87,90,13.8,light rain
17,Saldanha,ZA,-33.0117,17.9442,59.05,88,68,7.27,broken clouds
18,Kodiak,US,57.79,-152.4072,43.3,45,5,13.24,clear sky
19,Port Elizabeth,ZA,-33.918,25.5701,57.49,94,0,3.44,clear sky
20,Sorong,ID,-0.8833,131.25,76.35,88,100,7.07,overcast clouds
21,Mataura,NZ,-46.1927,168.8643,48.47,72,18,11.32,few clouds
22,Antofagasta,CL,-23.65,-70.4,61.88,60,0,5.95,clear sky
23,Rikitea,PF,-23.1203,-134.9692,73.96,80,100,21.47,overcast clouds
24,Thompson,CA,55.7435,-97.8558,44.76,87,90,9.22,mist
25,Busselton,AU,-33.65,115.3333,47.05,76,15,13.98,few clouds
26,Ribeira Grande,PT,38.5167,-28.7,72.0,73,40,14.97,scattered clouds
27,Ushuaia,AR,-54.8,-68.3,53.22,62,75,13.8,light rain
28,Padang,ID,-0.9492,100.3543,75.25,93,95,3.31,light rain
29,Hobart,AU,-42.8794,147.3294,39.06,77,15,4.0,light rain
30,Khatanga,RU,71.9667,102.5,30.69,90,55,5.99,broken clouds
31,Atuona,PF,-9.8,-139.0333,77.49,77,16,18.03,few clouds
32,Oranjemund,NA,-28.55,16.4333,57.83,80,42,8.21,scattered clouds
33,Yellowknife,CA,62.456,-114.3525,45.41,94,75,8.99,broken clouds
34,Namibe,AO,-15.1961,12.1522,66.79,90,96,9.64,overcast clouds
35,Mantua,IT,45.1667,10.7833,70.84,73,0,2.91,clear sky
36,Hermanus,ZA,-34.4187,19.2345,58.89,87,21,1.88,few clouds
37,Castro,BR,-24.7911,-50.0119,79.2,39,100,4.7,overcast clouds
38,Saurimo,AO,-9.6608,20.3916,78.28,31,87,4.27,overcast clouds
39,Punta Arenas,CL,-53.15,-70.9167,57.31,54,40,20.71,scattered clouds
40,Bluff,NZ,-46.6,168.3333,48.79,73,12,21.41,few clouds
41,Bambous Virieux,MU,-20.3428,57.7575,72.21,83,40,12.66,scattered clouds
42,Cotonou,BJ,6.3654,2.4183,80.58,89,40,12.66,scattered clouds
43,Klaksvik,FO,62.2266,-6.589,45.52,69,95,13.67,overcast clouds
44,Upata,VE,8.0086,-62.3989,86.31,58,55,3.09,broken clouds
45,Virar,IN,19.4667,72.8,82.49,81,37,3.31,scattered clouds
46,Hilo,US,19.7297,-155.09,80.28,72,0,1.99,clear sky
47,Longyearbyen,SJ,78.2186,15.6401,44.44,76,75,3.44,broken clouds
48,Chuy,UY,-33.6971,-53.4616,61.79,74,0,11.21,clear sky
49,Esperance,AU,-33.8667,121.9,44.44,84,88,10.65,overcast clouds
50,Udachnyy,RU,66.4167,112.4,36.75,85,100,0.34,overcast clouds
51,Talara,PE,-4.5772,-81.2719,77.76,61,0,10.36,clear sky
52,Albany,US,42.6001,-73.9662,74.03,57,0,1.01,clear sky
53,Airai,TL,-8.9266,125.4092,57.04,83,39,1.68,scattered clouds
54,Khandyga,RU,62.6667,135.6,43.18,86,100,3.91,overcast clouds
55,Prince George,CA,53.9166,-122.753,56.64,79,20,9.22,few clouds
56,Carballo,ES,43.213,-8.691,66.07,92,64,1.21,light rain
57,Cherskiy,RU,68.75,161.3,27.34,97,98,8.88,light snow
58,Osa,RU,57.2829,55.4567,48.0,57,100,3.47,light rain
59,Payo,ID,-3.7508,103.6372,73.69,92,44,1.99,scattered clouds
60,Mahebourg,MU,-20.4081,57.7,72.25,83,40,12.66,scattered clouds
61,Evensk,RU,61.95,159.2333,38.46,77,28,0.98,scattered clouds
62,New Norfolk,AU,-42.7826,147.0587,38.71,77,10,1.99,light rain
63,Salta,AR,-24.7859,-65.4117,77.59,27,0,10.0,clear sky
64,Sesheke,ZM,-17.4759,24.2968,73.31,25,0,6.29,clear sky
65,Jesup,US,31.6074,-81.8854,82.04,39,1,0.0,clear sky
66,Port Hardy,CA,50.6996,-127.4199,55.58,82,40,4.61,scattered clouds
67,Yining,CN,29.0361,114.5636,75.99,86,2,1.28,clear sky
68,Shagonar,RU,51.5333,92.8,38.97,77,66,2.37,broken clouds
69,Lorengau,PG,-2.0226,147.2712,81.39,75,16,7.34,few clouds
70,Segezha,RU,63.7415,34.3222,48.79,90,100,13.98,overcast clouds
71,Chandur Bazar,IN,21.2417,77.7456,77.09,87,100,1.23,overcast clouds
72,Wanning,CN,18.8003,110.3967,79.07,88,100,4.83,overcast clouds
73,Byron Bay,AU,-28.65,153.6167,60.87,80,0,5.66,clear sky
74,Souillac,MU,-20.5167,57.5167,72.36,83,40,12.66,scattered clouds
75,Paamiut,GL,61.994,-49.6678,33.82,53,0,33.06,clear sky
76,Nikolskoye,RU,59.7035,30.7861,48.02,87,100,6.24,overcast clouds
77,Alta Floresta,BR,-9.8756,-56.0861,89.42,55,20,5.75,few clouds
78,Villa Del Rosario,CO,7.8339,-72.4742,93.58,41,40,6.91,scattered clouds
79,Olavarria,AR,-36.8927,-60.3225,66.02,58,0,9.69,clear sky
80,Majene,ID,-3.5403,118.9707,75.36,91,100,5.26,overcast clouds
81,Codrington,AU,-38.2667,141.9667,46.99,65,100,14.61,overcast clouds
82,Kapaa,US,22.0752,-159.319,79.12,72,28,5.99,scattered clouds
83,Pangnirtung,CA,66.1451,-65.7125,37.4,60,20,2.3,few clouds
84,Berlevag,NO,70.8578,29.0864,49.95,66,40,6.91,scattered clouds
85,Lompoc,US,34.6391,-120.4579,91.09,87,90,0.0,mist
86,Avarua,CK,-21.2078,-159.775,73.45,64,100,9.22,overcast clouds
87,Hervey Bay,AU,-25.2986,152.8535,64.02,79,0,11.7,clear sky
88,Huarmey,PE,-10.0681,-78.1522,68.86,72,27,9.89,scattered clouds
89,Cape Town,ZA,-33.9258,18.4232,59.41,77,0,1.01,clear sky
90,Coquimbo,CL,-29.9533,-71.3436,58.73,77,75,12.66,broken clouds
91,Mandalgovi,MN,45.7625,106.2708,57.11,67,100,13.8,overcast clouds
92,Kerrville,US,30.0474,-99.1403,84.45,34,1,1.99,clear sky
93,Butaritari,KI,3.0707,172.7902,83.48,74,20,14.36,few clouds
94,Nemuro,JP,43.3236,145.575,52.3,82,2,11.36,clear sky
95,Jamestown,US,42.097,-79.2353,67.17,50,4,13.0,clear sky
96,Saint-Philippe,RE,-21.3585,55.7679,71.19,79,47,12.75,scattered clouds
97,Rocha,UY,-34.4833,-54.3333,60.19,79,45,12.08,scattered clouds
98,Katsuura,JP,35.1333,140.3,74.1,74,100,14.54,overcast clouds
99,Katsina,NG,12.9894,7.6006,84.45,38,45,3.6,scattered clouds
100,Pulaski,US,34.7668,-92.3001,83.32,37,93,1.01,overcast clouds
101,Goundam,ML,16.4145,-3.6708,93.88,33,72,14.56,broken clouds
102,Mizdah,LY,31.4451,12.9801,80.92,40,12,6.53,few clouds
103,Aklavik,CA,68.2191,-135.0107,31.03,87,100,15.93,overcast clouds
104,Puerto Ayora,EC,-0.7393,-90.3518,75.16,76,60,9.53,broken clouds
105,Calbuco,CL,-41.768,-73.1273,70.81,76,36,5.53,scattered clouds
106,Tasiilaq,GL,65.6145,-37.6368,33.3,85,89,5.03,overcast clouds
107,Kawalu,ID,-7.3817,108.2082,71.4,97,89,1.66,overcast clouds
108,Ponta Do Sol,PT,32.6667,-17.1,74.03,74,36,3.51,scattered clouds
109,Condado,CU,21.8767,-79.8403,88.63,59,59,4.21,light rain
110,Coihaique,CL,-45.5752,-72.0662,63.21,96,100,5.57,overcast clouds
111,Tuktoyaktuk,CA,69.4541,-133.0374,33.8,86,90,12.66,overcast clouds
112,Fukue,JP,32.6881,128.8419,73.9,75,10,9.62,clear sky
113,Kavieng,PG,-2.5744,150.7967,82.2,76,19,14.34,few clouds
114,Maceio,BR,-9.6658,-35.7353,81.84,78,75,16.11,broken clouds
115,Wuwei,CN,37.9281,102.6414,65.41,59,100,1.99,overcast clouds
116,Lagoa,PT,39.05,-27.9833,70.18,74,100,17.58,overcast clouds
117,Pisco,PE,-13.7,-76.2167,65.01,82,75,11.5,mist
118,Ibotirama,BR,-12.1853,-43.2206,93.94,27,55,4.65,broken clouds
119,Iqaluit,CA,63.7506,-68.5145,33.53,74,75,11.01,broken clouds
120,San Patricio,US,28.017,-97.5169,87.89,39,3,12.15,clear sky
121,Broome,US,42.2506,-75.833,67.69,62,57,3.0,broken clouds
122,Egvekinot,RU,66.3167,-179.1667,20.34,82,98,14.63,overcast clouds
123,Havelock,US,34.8791,-76.9013,78.03,71,40,9.42,scattered clouds
124,Vestmanna,FO,62.1564,-7.1664,43.72,81,90,8.05,overcast clouds
125,Baruun-Urt,MN,46.6806,113.2792,49.71,95,32,6.2,scattered clouds
126,Warkworth,NZ,-36.4,174.6667,54.41,91,9,6.38,clear sky
127,Alofi,NU,-19.0595,-169.9187,75.09,78,99,8.05,overcast clouds
128,Asyut,EG,27.181,31.1837,84.38,38,0,15.32,clear sky
129,Port-Gentil,GA,-0.7193,8.7815,75.16,100,40,8.05,scattered clouds
130,Kirakira,SB,-10.4544,161.9205,78.03,86,39,7.56,scattered clouds
131,Romilly-Sur-Seine,FR,48.5108,3.7263,65.52,61,0,1.34,clear sky
132,Grindavik,IS,63.8424,-22.4338,45.07,70,75,6.91,broken clouds
133,Bako,ET,5.7833,36.5667,66.24,76,100,4.25,overcast clouds
134,Kokopo,PG,-4.352,152.2633,76.73,85,51,7.34,broken clouds
135,Bredasdorp,ZA,-34.5322,20.0403,56.52,77,15,5.75,few clouds
136,Naberera,TZ,-4.2,36.9333,61.54,79,27,9.82,scattered clouds
137,Tsiroanomandidy,MG,-18.7667,46.0333,71.56,52,64,5.88,broken clouds
138,Takoradi,GH,4.8845,-1.7554,77.43,89,14,7.87,light rain
139,Kungurtug,RU,50.5994,97.5228,36.05,80,100,2.55,overcast clouds
140,Barrow,US,71.2906,-156.7887,24.82,80,40,5.75,scattered clouds
141,Abbeville,FR,50.1,1.8333,62.56,96,43,4.99,scattered clouds
142,Itoman,JP,26.1247,127.6694,78.82,78,20,9.22,few clouds
143,Clyde River,CA,70.4692,-68.5914,35.83,75,75,10.36,broken clouds
144,Georgetown,MY,5.4112,100.3354,81.9,87,20,1.01,few clouds
145,Batagay,RU,67.6333,134.6333,38.41,74,100,3.67,overcast clouds
146,Avera,US,33.194,-82.5271,77.92,35,0,5.17,clear sky
147,Conde,BR,-7.2597,-34.9075,81.86,69,75,14.97,broken clouds
148,Micheweni,TZ,-4.9667,39.8333,76.46,81,99,12.62,overcast clouds
149,Port Lincoln,AU,-34.7333,135.8667,52.95,67,100,9.55,overcast clouds
150,Lavara,GR,41.2667,26.3833,62.4,58,100,7.81,overcast clouds
151,Olafsvik,IS,64.8945,-23.7142,44.06,64,99,17.96,overcast clouds
152,Maragogi,BR,-9.0122,-35.2225,78.89,79,13,13.73,few clouds
153,Aquiraz,BR,-3.9014,-38.3911,87.22,60,96,14.32,overcast clouds
154,Ust-Ordynskiy,RU,52.805,104.7508,42.64,87,100,5.73,light rain
155,Poya,NC,-21.35,165.15,65.37,74,98,4.99,overcast clouds
156,Aksarka,RU,66.5606,67.7975,35.2,81,18,2.91,few clouds
157,Myanaung,MM,18.2833,95.3167,75.18,96,100,5.06,overcast clouds
158,Donghai,CN,22.9459,115.642,78.08,86,3,6.64,light rain
159,Pittsburg,US,38.028,-121.8847,92.1,36,13,1.99,few clouds
160,Yaya,RU,56.206,86.44,36.09,97,100,12.24,light rain
161,Mumford,GH,5.2618,-0.759,77.76,88,39,11.18,light rain
162,Lebu,CL,-37.6167,-73.65,58.96,74,6,10.0,clear sky
163,Vostok,RU,46.4856,135.8833,40.71,81,99,3.04,overcast clouds
164,Hovd,MN,48.0056,91.6419,39.94,45,100,7.47,overcast clouds
165,Camopi,GF,3.1655,-52.3158,92.43,42,69,2.19,broken clouds
166,Hami,CN,42.8,93.45,62.17,35,100,21.99,overcast clouds
167,Iralaya,HN,15.0,-83.2333,85.53,64,25,7.49,scattered clouds
168,Port Alfred,ZA,-33.5906,26.891,60.69,82,68,4.14,broken clouds
169,Karratha,AU,-20.7377,116.8463,72.3,48,6,9.1,clear sky
170,Merrill,US,45.1805,-89.6835,73.67,49,40,4.61,scattered clouds
171,Russas,BR,-4.9403,-37.9758,95.88,30,31,14.63,scattered clouds
172,Kaitangata,NZ,-46.2817,169.8464,50.81,68,10,13.24,clear sky
173,Leningradskiy,RU,69.3833,178.4167,23.85,88,100,10.92,overcast clouds
174,Dingle,PH,10.9995,122.6711,76.33,91,4,6.04,light rain
175,Noumea,NC,-22.2763,166.4572,58.98,73,100,4.85,overcast clouds
176,Bengkulu,ID,-3.8004,102.2655,75.4,92,100,6.49,overcast clouds
177,Mar Del Plata,AR,-38.0023,-57.5575,62.01,55,40,15.01,scattered clouds
178,Luderitz,NA,-26.6481,15.1594,60.42,72,11,16.08,few clouds
179,Tura,IN,25.5198,90.2201,75.27,90,11,3.27,few clouds
180,Beringovskiy,RU,63.05,179.3167,31.66,93,100,25.55,light snow
181,Talcahuano,CL,-36.7167,-73.1167,60.48,77,0,9.22,clear sky
182,Minbu,MM,20.1833,94.8833,77.41,91,100,3.2,moderate rain
183,Kathu,TH,7.9178,98.3332,78.62,81,85,9.89,light rain
184,Magadi,IN,12.9667,77.2333,75.36,74,100,3.56,overcast clouds
185,Asau,RO,46.4333,26.4,51.76,84,99,6.33,overcast clouds
186,Ukiah,US,39.1502,-123.2078,95.13,19,5,3.76,clear sky
187,Valparaiso,CL,-33.0393,-71.6273,56.84,82,90,19.57,mist
188,Eureka,US,40.8021,-124.1637,82.2,70,22,4.0,few clouds
189,Nkhata Bay,MW,-11.6066,34.2907,72.64,74,7,3.2,clear sky
190,Parabel,RU,58.6978,81.4825,33.85,98,100,6.85,overcast clouds
191,North Bend,US,43.4065,-124.2243,81.91,100,0,3.2,clear sky
192,Dali,CN,25.7,100.1833,59.49,91,0,2.57,clear sky
193,Tazovskiy,RU,67.4667,78.7,31.69,86,6,7.87,clear sky
194,Christchurch,NZ,-43.5333,172.6333,63.32,45,0,1.99,clear sky
195,Porbandar,IN,21.6422,69.6093,80.37,86,14,8.14,few clouds
196,Lichinga,MZ,-13.3128,35.2406,66.29,68,20,4.61,few clouds
197,Millinocket,US,45.6573,-68.7098,74.55,80,100,13.06,overcast clouds
198,Mount Gambier,AU,-37.8333,140.7667,40.91,93,100,5.75,overcast clouds
199,Cockburn Town,TC,21.4612,-71.1419,84.16,70,40,5.75,scattered clouds
200,Stokmarknes,NO,68.5646,14.9108,48.49,81,100,4.27,overcast clouds
201,Lasa,IT,46.6166,10.7002,56.03,66,0,1.45,clear sky
202,Huittinen,FI,61.1833,22.7,46.42,95,100,6.22,moderate rain
203,San Ramon,US,37.7799,-121.978,90.45,38,10,1.01,clear sky
204,Ormara,PK,25.2088,64.6357,82.6,76,98,10.58,overcast clouds
205,Leshukonskoye,RU,64.8989,45.7622,46.31,89,100,9.46,overcast clouds
206,Sandanski,BG,41.5667,23.2833,61.86,31,31,2.91,scattered clouds
207,Margate,GB,51.3813,1.3862,68.7,85,1,11.77,clear sky
208,Zhangye,CN,38.9342,100.4517,66.76,40,4,4.12,clear sky
209,Qaanaaq,GL,77.484,-69.3632,16.5,70,15,6.71,few clouds
210,Dikson,RU,73.5069,80.5464,35.74,83,84,15.59,broken clouds
211,San Luis,AR,-33.295,-66.3356,78.37,19,0,11.3,clear sky
212,Sao Joao Da Barra,BR,-21.6403,-41.0511,77.09,62,100,17.65,overcast clouds
213,Constitucion,CL,-35.3333,-72.4167,64.56,61,2,7.94,clear sky
214,Svetlaya,RU,46.5389,138.3297,49.59,69,97,4.97,overcast clouds
215,Ilulissat,GL,69.2167,-51.1,16.84,72,15,4.41,few clouds
216,Atar,MR,20.5169,-13.0499,99.3,14,20,12.12,few clouds
217,Melnik,CZ,50.3505,14.4741,63.95,72,100,4.97,overcast clouds
218,Tual,ID,-5.6667,132.75,79.84,82,95,15.05,overcast clouds
219,Mayo,US,38.8876,-76.5119,76.35,44,0,3.0,clear sky
220,Pacific Grove,US,36.6177,-121.9166,83.16,85,40,1.99,scattered clouds
221,Rajpipla,IN,21.8667,73.5,76.33,93,79,5.39,heavy intensity rain
222,Westerland,DE,54.9079,8.3033,60.82,94,90,19.57,overcast clouds
223,Princeton,US,25.5384,-80.4089,91.0,81,90,6.91,thunderstorm
224,Suez,EG,29.9737,32.5263,72.14,58,0,9.73,clear sky
225,Tutoia,BR,-2.7619,-42.2744,87.78,71,35,12.46,scattered clouds
226,Richards Bay,ZA,-28.783,32.0377,66.52,88,100,4.45,overcast clouds
227,Alice Springs,AU,-23.7,133.8833,49.55,34,66,0.0,broken clouds
228,Upernavik,GL,72.7868,-56.1549,26.24,87,89,4.14,overcast clouds
229,Saint Anthony,US,45.0205,-93.218,57.34,89,100,3.0,overcast clouds
230,Coos Bay,US,43.3665,-124.2179,81.99,100,0,3.11,clear sky
231,Northam,GB,51.0333,-4.2167,66.2,96,100,5.21,overcast clouds
232,Guerrero Negro,MX,27.9769,-114.0611,77.52,60,100,12.08,overcast clouds
233,Pontianak,ID,-0.0333,109.3333,73.38,94,40,1.14,scattered clouds
234,Werda,BW,-25.2667,23.2833,75.9,24,0,8.7,clear sky
235,Auki,SB,-8.7676,160.7034,76.46,89,47,4.41,scattered clouds
236,Talakan,RU,50.3167,130.3667,47.98,87,100,2.95,overcast clouds
237,Ozernovskiy,RU,51.5,156.5167,47.73,89,100,12.93,light rain
238,Bantigue,PH,10.9899,124.6225,77.79,91,77,2.42,broken clouds
239,Palasa,IN,18.7667,84.4167,78.78,87,99,3.15,overcast clouds
240,Wuda,CN,39.4994,106.7117,64.31,57,100,15.32,overcast clouds
241,Svetlogorsk,BY,52.6333,29.7333,48.51,91,100,13.29,light rain
242,Nanortalik,GL,60.1432,-45.2371,36.73,40,0,3.22,clear sky
243,Pitimbu,BR,-7.4706,-34.8086,82.99,71,23,15.23,few clouds
244,Victoria,HK,22.2855,114.1577,85.32,81,14,1.01,light rain
245,Saskylakh,RU,71.9167,114.0833,32.68,90,100,10.63,overcast clouds
246,Gongzhuling,CN,43.5008,124.8198,59.11,91,100,6.29,light rain
247,Port Macquarie,AU,-31.4333,152.9167,51.76,56,1,7.29,clear sky
248,Fomboni,KM,-12.28,43.7425,76.51,73,0,4.32,clear sky
249,Paita,PE,-5.0892,-81.1144,77.56,70,26,15.57,scattered clouds
250,Homnabad,IN,17.7667,77.1333,73.72,86,100,4.0,overcast clouds
251,Kapoeta,SS,4.7717,33.5903,74.75,71,99,8.23,overcast clouds
252,Buchanan,LR,5.8808,-10.0467,80.56,83,17,6.53,few clouds
253,Tapes,BR,-30.6733,-51.3958,65.71,75,56,8.75,broken clouds
254,Kahului,US,20.8947,-156.47,77.68,81,0,9.93,clear sky
255,Zhigansk,RU,66.7697,123.3711,36.07,76,100,16.04,overcast clouds
256,Kachiry,KZ,53.0675,76.1036,39.11,68,10,9.51,clear sky
257,Yar-Sale,RU,66.8333,70.8333,37.04,79,100,4.63,overcast clouds
258,Te Anau,NZ,-45.4167,167.7167,47.97,89,97,8.77,moderate rain
259,Chokurdakh,RU,70.6333,147.9167,31.78,97,100,14.85,light snow
260,Yulara,AU,-25.2406,130.9889,60.64,17,100,6.91,overcast clouds
261,Petropavlovsk-Kamchatskiy,RU,53.0452,158.6483,34.39,100,20,6.71,few clouds
262,Santa Maria Do Para,BR,-1.3503,-47.5756,86.77,59,96,6.55,overcast clouds
263,Kasongo,CD,-4.45,26.6667,68.4,93,100,3.83,light rain
264,La Carolina,ES,38.2756,-3.6153,73.72,80,100,5.37,overcast clouds
265,Jumla,NP,29.2747,82.1838,59.56,90,92,1.1,overcast clouds
266,Itarema,BR,-2.9248,-39.9167,83.82,63,87,19.71,overcast clouds
267,Berezanka,UA,46.8526,31.388,52.21,76,49,12.57,scattered clouds
268,Sao Filipe,CV,14.8961,-24.4956,78.42,75,51,9.91,broken clouds
269,Darhan,MN,49.4867,105.9228,45.93,77,100,6.17,overcast clouds
270,Bowen,AU,-20.0167,148.2333,57.42,91,82,7.34,broken clouds
271,El Dorado,US,38.7666,-120.5177,92.57,16,9,1.99,clear sky
272,Madang,PG,-5.2246,145.7966,76.26,92,100,2.95,overcast clouds
273,Juba,SS,4.8517,31.5825,71.89,91,100,1.7,light rain
274,Kovylkino,RU,54.0388,43.9139,49.03,76,100,5.75,overcast clouds
275,Sinnamary,GF,5.3833,-52.95,85.89,67,52,10.69,broken clouds
276,Nangomba,TZ,-10.9,38.5,76.01,60,17,8.28,few clouds
277,Komsomolskiy,UZ,40.4272,71.7189,65.12,48,0,4.61,clear sky
278,Chuncheng,CN,22.1731,111.7886,75.72,94,0,2.04,clear sky
279,Arinos,BR,-15.9169,-46.1056,96.22,21,42,6.2,scattered clouds
280,Boca Do Acre,BR,-8.7522,-67.3978,97.61,30,100,2.93,overcast clouds
281,Vestmannaeyjar,IS,63.4427,-20.2734,45.59,76,75,11.5,broken clouds
282,Plettenberg Bay,ZA,-34.0527,23.3716,56.3,88,49,4.0,scattered clouds
283,Norman Wells,CA,65.282,-126.8329,37.44,87,90,4.61,overcast clouds
284,Hamilton,US,39.1834,-84.5333,76.05,46,0,3.0,clear sky
285,Sangar,RU,63.9242,127.4739,40.48,97,100,6.82,light rain
286,Almaznyy,RU,48.0448,40.045,50.14,77,100,10.04,light rain
287,Vila Franca Do Campo,PT,37.7167,-25.4333,70.21,67,98,4.54,overcast clouds
288,Bandarbeyla,SO,9.4942,50.8122,81.21,65,100,20.8,light rain
289,Belmonte,BR,-15.8631,-38.8828,77.0,57,71,9.24,broken clouds
290,Moctezuma,MX,29.8,-109.6667,79.63,56,100,2.19,overcast clouds
291,Holme,DK,56.1138,10.1725,59.76,91,100,16.31,overcast clouds
292,Dunedin,NZ,-45.8742,170.5036,57.79,54,0,3.0,clear sky
293,Vila Velha,BR,-20.3297,-40.2925,76.96,54,40,11.5,scattered clouds
294,Vila,PT,42.0304,-8.1588,58.33,88,55,3.91,broken clouds
295,Fortuna,US,40.5982,-124.1573,81.93,48,20,1.99,few clouds
296,Bethel,US,41.3712,-73.414,74.91,58,18,1.01,few clouds
297,Maamba,ZM,-17.3667,27.15,72.66,34,0,3.94,clear sky
298,Walvis Bay,NA,-22.9575,14.5053,57.09,82,0,3.44,clear sky
299,Balkhash,KZ,46.844,74.9804,47.08,38,0,14.85,clear sky
300,Uruzgan,AF,32.8333,66.0,65.53,12,0,2.33,clear sky
301,Winslow,US,35.0242,-110.6974,81.97,24,1,1.01,clear sky
302,Matara,LK,5.9485,80.5353,78.73,88,99,13.56,overcast clouds
303,Faya,SA,18.3851,42.4509,69.91,53,84,1.63,broken clouds
304,Tuatapere,NZ,-46.1333,167.6833,48.81,75,80,11.43,light rain
305,Bibiani,GH,6.4635,-2.3194,72.45,97,100,2.17,moderate rain
306,Almirante,PA,9.3,-82.4,91.89,66,93,4.16,overcast clouds
307,Muroto,JP,33.2833,134.15,73.89,70,5,13.33,clear sky
308,Makungu,TZ,-8.7333,35.2833,60.89,73,1,2.95,clear sky
309,Kjollefjord,NO,70.9457,27.3465,50.05,85,42,19.8,scattered clouds
310,Moron,AR,-34.6534,-58.6198,69.06,52,14,5.01,few clouds
311,Mangrol,IN,21.1167,70.1167,79.86,85,32,7.07,scattered clouds
312,Rjukan,NO,59.8789,8.5941,51.71,85,17,9.71,few clouds
313,Taoudenni,ML,22.6783,-3.9836,103.01,10,11,5.66,few clouds
314,Maracacume,BR,-2.0428,-45.9592,85.71,58,100,6.24,overcast clouds
315,Zeya,RU,53.75,127.2667,53.26,99,100,2.64,overcast clouds
316,Russell,US,32.3502,-85.1999,78.96,44,0,2.66,clear sky
317,Ramsar,IR,36.9226,50.6426,76.44,88,40,2.3,scattered clouds
318,La Macarena,CO,2.1837,-73.7849,88.47,49,40,4.47,scattered clouds
319,Carnarvon,AU,-24.8667,113.6333,66.27,82,75,14.97,broken clouds
320,Ugoofaaru,MV,5.6667,73.0,81.5,77,100,12.28,overcast clouds
321,Kollam,IN,8.8833,76.6,82.27,88,100,8.16,overcast clouds
322,Shimanovsk,RU,52.0,127.7,49.87,89,100,5.64,overcast clouds
323,Kargasok,RU,59.0556,80.8572,33.46,96,100,7.25,overcast clouds
324,Bilma,NE,18.6853,12.9164,90.45,11,3,5.1,clear sky
325,Kampene,CD,-3.6,26.6667,67.93,97,97,2.01,light rain
326,Ilo,PE,-17.6394,-71.3375,61.66,77,0,9.22,clear sky
327,Kamaishi,JP,39.2667,141.8833,62.74,85,100,5.46,overcast clouds
328,Flinders,AU,-34.5833,150.8552,59.81,69,1,1.01,clear sky
329,Tooele,US,40.5308,-112.2983,77.25,40,1,3.44,clear sky
330,East London,ZA,-33.0153,27.9116,58.14,88,0,4.61,clear sky
331,Nogliki,RU,51.8333,143.1667,43.66,89,0,5.19,clear sky
332,Gull Lake,CA,50.1001,-108.4847,57.56,24,6,6.49,clear sky
333,Nivala,FI,63.9167,24.9667,46.69,78,100,7.36,overcast clouds
334,Abu Samrah,SY,35.3029,37.1841,66.56,43,0,8.08,clear sky
335,Obihiro,JP,42.9172,143.2044,44.38,90,0,3.67,clear sky
336,Ornskoldsvik,SE,63.2909,18.7153,47.35,100,90,3.44,overcast clouds
337,Andenes,NO,69.3143,16.1194,46.38,71,75,10.36,broken clouds
338,Raudeberg,NO,61.9875,5.1352,53.2,94,56,14.0,broken clouds
339,Grahamstown,ZA,-33.3042,26.5328,52.61,87,87,4.27,overcast clouds
340,Sicamous,CA,50.8331,-118.9856,66.18,39,100,3.0,overcast clouds
341,Sayat,TM,38.7839,63.8803,71.47,14,0,8.63,clear sky
342,Taltal,CL,-25.4,-70.4833,62.49,67,24,4.38,few clouds
343,Lata,PT,40.1629,-8.3327,66.06,80,100,3.38,overcast clouds
344,Urshelskiy,RU,55.6783,40.2169,44.83,90,95,6.26,light rain
345,Wilmington,US,34.2257,-77.9447,80.01,60,0,3.0,clear sky
346,Nampula,MZ,-15.1165,39.2666,73.35,56,0,9.22,clear sky
347,Nelson Bay,AU,-32.7167,152.15,56.77,75,0,13.4,clear sky
348,Ardalstangen,NO,61.2371,7.6983,52.29,100,97,6.26,overcast clouds
349,Matanzas,CU,23.0411,-81.5775,87.76,61,22,3.38,few clouds
350,Palana,RU,59.1167,159.9667,37.35,82,0,3.69,clear sky
351,Srednekolymsk,RU,67.45,153.6833,29.86,89,18,4.56,few clouds
352,Fuengirola,ES,36.54,-4.6247,75.29,97,40,5.75,light rain
353,Aberystwyth,GB,52.4155,-4.0829,66.67,99,100,4.97,overcast clouds
354,Mount Pleasant,US,32.7941,-79.8626,80.01,45,1,4.0,clear sky
355,Ilhabela,BR,-23.7781,-45.3581,71.33,66,98,5.01,overcast clouds
356,Port Shepstone,ZA,-30.7414,30.455,67.21,78,100,5.01,overcast clouds
357,Provideniya,RU,64.3833,-173.3,33.73,91,100,18.03,light rain
358,Ancud,CL,-41.8697,-73.8203,63.93,84,88,8.1,overcast clouds
359,Comodoro Rivadavia,AR,-45.8667,-67.5,80.46,22,0,18.41,clear sky
360,Coahuayana,MX,18.7333,-103.6833,89.58,61,98,6.11,overcast clouds
361,Pemangkat,ID,1.1667,108.9667,77.36,89,23,5.23,few clouds
362,Cabo San Lucas,MX,22.8909,-109.9124,94.51,67,7,5.44,clear sky
363,Wajima,JP,37.4,136.9,66.81,70,0,15.61,clear sky
364,Kupang,ID,-10.1667,123.5833,75.65,72,96,7.52,overcast clouds
365,Mehamn,NO,71.0357,27.8492,50.18,85,85,15.05,overcast clouds
366,Zyryanskoye,RU,56.8306,86.6258,35.58,97,100,11.23,light rain
367,Cayenne,GF,4.9333,-52.3333,87.84,81,70,4.0,broken clouds
368,Brae,GB,60.3964,-1.353,51.71,74,83,18.9,broken clouds
369,Saint-Augustin,CA,51.226,-58.6502,52.61,60,93,7.18,overcast clouds
370,Sterling,US,39.0062,-77.4286,76.05,42,20,5.99,few clouds
371,Sidi Ali,DZ,36.0998,0.4206,74.82,72,96,5.06,overcast clouds
372,Severo-Kurilsk,RU,50.6789,156.125,48.06,93,100,29.06,moderate rain
373,Raga,SS,8.4596,25.678,70.9,95,100,4.45,moderate rain
374,Olinda,BR,-8.0089,-34.8553,78.53,69,40,13.8,scattered clouds
375,Faanui,PF,-16.4833,-151.75,76.21,63,0,3.04,clear sky
376,Iisalmi,FI,63.5592,27.1907,46.42,83,100,6.55,overcast clouds
377,Betanzos,ES,43.2804,-8.2147,66.9,88,20,3.44,few clouds
378,Kruisfontein,ZA,-34.0033,24.7314,54.88,92,34,1.45,scattered clouds
379,Genhe,CN,50.7833,121.5167,42.37,88,100,0.67,overcast clouds
380,Barabai,ID,-2.5833,115.3833,74.23,97,100,0.92,overcast clouds
381,Narsaq,GL,60.9167,-46.05,37.04,43,1,6.69,clear sky
382,Lucapa,AO,-8.4192,20.7447,72.0,51,39,5.61,scattered clouds
383,Argir,FO,61.9959,-6.7715,45.57,70,84,5.32,broken clouds
384,Yazman,PK,29.1212,71.7446,86.52,49,0,7.09,clear sky
385,Turukhansk,RU,65.8167,87.9833,29.14,87,16,9.82,few clouds
386,Sonoita,MX,31.85,-112.8333,90.5,26,100,11.16,overcast clouds
387,Melioratorov,RU,57.2107,65.6077,41.38,75,0,8.95,clear sky
388,Kloulklubed,PW,7.0419,134.2556,83.17,76,99,14.52,moderate rain
389,Eskil,TR,38.4017,33.4131,55.06,45,0,3.42,clear sky
390,Warrington,GB,53.3925,-2.5802,68.36,82,75,4.0,broken clouds
391,Khani,GE,41.9563,42.9566,47.77,90,100,2.91,overcast clouds
392,Bijar,IR,35.8668,47.6051,61.63,34,0,7.58,clear sky
393,Portland,US,45.5234,-122.6762,84.96,43,0,1.99,clear sky
394,Turkmenabat,TM,39.0733,63.5786,71.58,30,0,6.91,clear sky
395,Ribas Do Rio Pardo,BR,-20.4431,-53.7592,99.79,16,9,5.68,clear sky
396,Salme,NP,28.0369,85.0942,64.69,86,100,3.11,overcast clouds
397,Maputo,MZ,-25.9653,32.5892,71.28,84,0,1.01,clear sky
398,Torbay,CA,47.6666,-52.7314,53.89,74,75,14.97,broken clouds
399,Guarapari,BR,-20.6667,-40.4975,76.91,63,52,13.65,broken clouds
400,Fairbanks,US,64.8378,-147.7164,34.09,90,90,5.75,light snow
401,Oktyabrskoye,RU,43.0645,44.7417,50.14,93,100,4.47,overcast clouds
402,Bosobolo,CD,4.1833,19.9,69.76,98,60,0.89,broken clouds
403,Tongchuan,CN,35.0806,109.0897,64.89,96,100,2.17,overcast clouds
404,Nampa,US,43.5407,-116.5635,78.12,37,1,3.44,clear sky
405,Erdenet,MN,49.0333,104.0833,41.5,85,100,4.68,overcast clouds
406,Jalu,LY,29.0331,21.5482,78.21,42,0,15.5,clear sky
407,Acapulco,MX,16.8634,-99.8901,85.87,72,97,6.62,overcast clouds
408,Marzuq,YE,14.4,46.4667,77.85,51,96,4.12,overcast clouds
409,Planeta Rica,CO,8.4147,-75.5883,84.07,74,41,4.74,scattered clouds
410,Cozumel,MX,20.5083,-86.9458,89.01,72,96,3.0,overcast clouds
411,Surgut,RU,61.25,73.4167,37.58,87,40,6.71,scattered clouds
412,Camacha,PT,33.0833,-16.3333,71.02,60,20,6.91,few clouds
413,Tchollire,CM,8.4022,14.1698,75.49,83,100,1.45,overcast clouds
414,Arrecife,ES,28.963,-13.5477,75.27,60,20,11.5,few clouds
415,Carson City,US,39.1638,-119.7674,85.05,24,1,3.0,clear sky
416,Acarau,BR,-2.8856,-40.12,84.15,63,95,21.18,overcast clouds
417,Caravelas,BR,-17.7125,-39.2481,73.83,63,90,8.43,overcast clouds
418,Winona,US,43.9666,-91.7668,70.45,68,75,19.57,broken clouds
419,Namatanai,PG,-3.6667,152.4333,78.37,81,82,4.81,broken clouds
420,Sitka,US,57.0531,-135.33,50.92,78,44,7.47,light rain
421,Ahipara,NZ,-35.1667,173.1667,53.37,83,14,4.94,few clouds
422,Avallon,FR,47.4833,3.9,59.22,75,0,1.72,clear sky
423,Agua Verde,MX,22.9,-106.05,85.15,69,5,5.91,clear sky
424,College,US,64.8569,-147.8028,33.75,89,90,5.75,light snow
425,Leh,IN,34.1667,77.5833,55.42,39,58,4.52,broken clouds
426,Temryuk,RU,45.2722,37.3811,61.02,78,100,14.43,moderate rain
427,Half Moon Bay,US,37.4636,-122.4286,91.58,65,52,4.52,broken clouds
428,Lakhdenpokhya,RU,61.5198,30.1992,45.82,79,100,9.15,overcast clouds
429,Salalah,OM,17.0151,54.0924,80.35,83,74,4.65,broken clouds
430,Banepa,NP,27.6298,85.5214,68.32,94,75,2.3,broken clouds
431,Saint George,US,37.1041,-113.5841,90.07,17,1,1.01,clear sky
432,Boulder City,US,35.9786,-114.8325,90.36,13,1,10.36,clear sky
433,Baoying,CN,33.2292,119.3092,69.46,75,100,13.8,light rain
434,Baglan,AF,36.1307,68.7083,71.6,21,0,1.86,clear sky
435,Loiza,PR,18.4313,-65.8802,92.68,79,100,7.85,overcast clouds
436,Monforte De Lemos,ES,42.5216,-7.5142,65.86,52,20,3.6,few clouds
437,Paragominas,BR,-2.9667,-47.4833,87.66,50,100,8.46,overcast clouds
438,Mahibadhoo,MV,3.7833,72.9667,78.53,79,100,10.89,overcast clouds
439,Nizhniy Odes,RU,63.6445,54.856,39.92,89,77,6.8,broken clouds
440,Thinadhoo,MV,0.5333,72.9333,81.81,71,100,15.35,overcast clouds
441,Zhigalovo,RU,54.8097,105.1578,40.96,98,100,2.71,overcast clouds
442,Kuhdasht,IR,33.535,47.6061,70.21,29,0,2.95,clear sky
443,Tumarbong,PH,10.3766,119.4579,78.37,86,8,3.91,moderate rain
444,Clocolan,ZA,-28.9137,27.5656,64.69,30,78,3.36,broken clouds
445,Awjilah,LY,29.1081,21.2869,76.5,49,0,16.49,clear sky
446,Cao Bang,VN,22.6667,106.25,73.04,97,96,1.3,overcast clouds
447,Iberia,US,29.9502,-91.7507,79.99,52,100,6.29,overcast clouds
448,San Cristobal,VE,7.7669,-72.225,87.98,46,58,6.51,broken clouds
449,Wonthaggi,AU,-38.6044,145.5913,45.43,66,99,16.73,overcast clouds
450,Yeppoon,AU,-23.1333,150.7333,53.38,87,0,2.37,clear sky
451,Nuoro,IT,40.3211,9.3297,70.79,78,100,3.49,overcast clouds
452,Abu Zabad,SD,12.35,29.25,74.37,82,100,8.57,moderate rain
453,Vung Tau,VN,10.346,107.0843,78.21,85,100,1.79,overcast clouds
454,Sharan,RU,54.8167,54.0,48.13,71,100,13.82,light rain
455,Garissa,KE,-0.4536,39.6401,77.88,62,56,21.12,broken clouds
456,Seoul,KR,37.5683,126.9778,67.44,82,0,4.61,moderate rain
457,Southbridge,US,42.0751,-72.0334,74.82,95,100,1.01,overcast clouds
458,Kurilsk,RU,45.2333,147.8833,51.94,79,72,17.45,broken clouds
459,Collierville,US,35.042,-89.6645,79.72,42,20,4.61,few clouds
460,Kontagora,NG,10.3999,5.4695,75.36,88,49,2.98,scattered clouds
461,Novopavlovka,RU,51.2172,109.2091,42.94,95,99,3.56,overcast clouds
462,Fasa,IR,28.9383,53.6482,72.64,18,0,4.61,clear sky
463,Madera,US,37.1666,-119.8343,96.98,17,5,6.15,clear sky
464,Oriximina,BR,-1.7656,-55.8661,95.43,36,100,6.29,overcast clouds
465,Aras,ES,42.5617,-2.356,71.4,97,20,1.14,few clouds
466,Goderich,CA,43.7501,-81.7165,60.91,77,99,11.5,overcast clouds
467,Makakilo City,US,21.3469,-158.0858,78.28,82,90,4.61,light rain
468,Itapora,BR,-22.0799,-54.7874,93.81,23,96,7.65,overcast clouds
469,Le Port,RE,-20.9373,55.2919,71.6,81,43,4.07,scattered clouds
470,Erenhot,CN,43.6475,111.9767,64.18,67,0,8.39,clear sky
471,Hambantota,LK,6.1241,81.1185,79.14,100,75,9.22,broken clouds
472,Roebourne,AU,-20.7833,117.1333,72.28,57,15,7.83,light rain
473,Mingyue,CN,43.1069,128.9217,49.41,99,100,2.28,overcast clouds
474,Inongo,CD,-1.95,18.2667,71.38,86,52,1.14,broken clouds
475,Kyshtovka,RU,56.555,76.6271,36.99,91,100,7.4,overcast clouds
476,High Level,CA,58.5169,-117.136,48.31,71,75,4.61,broken clouds
477,Kaeo,NZ,-35.1,173.7833,50.32,95,18,3.4,few clouds
478,Pangai,TO,-19.8,-174.35,71.71,73,40,8.05,scattered clouds
479,Cervo,ES,43.6702,-7.4101,66.2,93,43,6.08,scattered clouds
480,Tokur,RU,53.1333,132.9,37.24,93,52,3.06,broken clouds
481,Agirish,RU,61.9247,63.0231,39.31,86,8,3.2,clear sky
482,Porto De Moz,BR,-1.7483,-52.2383,90.55,46,100,3.22,overcast clouds
483,Port Keats,AU,-14.25,129.55,73.76,60,1,1.43,clear sky
484,Stromness,GB,58.965,-3.296,55.65,90,100,13.0,overcast clouds
485,Sahibganj,IN,25.25,87.65,84.79,73,93,2.08,overcast clouds
486,Ak-Dovurak,RU,51.1833,90.6,31.26,77,38,4.38,scattered clouds
487,Sabha,LY,27.0377,14.4283,87.04,23,0,10.94,clear sky
488,Mercedes,AR,-34.6515,-59.4307,71.51,50,0,6.24,clear sky
489,Sibolga,ID,1.7427,98.7792,76.98,90,100,3.33,overcast clouds
490,Kautokeino,NO,69.0125,23.0412,42.01,96,100,11.61,overcast clouds
491,Labuhan,ID,-6.8844,112.2051,78.22,81,32,6.17,scattered clouds
492,Zhoucheng,CN,35.9122,116.3117,65.97,91,100,19.3,moderate rain
493,Shangrao,CN,28.4532,117.9686,73.33,84,8,4.92,clear sky
494,Charlestown,AU,-32.95,151.6667,60.12,71,0,8.08,clear sky
495,Sisimiut,GL,66.9395,-53.6735,34.66,64,10,8.37,clear sky
496,Ngunguru,NZ,-35.6167,174.5,50.16,89,18,7.58,few clouds
497,Apatou,GF,5.155,-54.3472,94.86,38,90,1.14,overcast clouds
498,Gat,IL,31.61,34.7642,72.91,57,0,4.25,clear sky
499,Acari,PE,-15.4311,-74.6158,78.89,44,3,8.93,clear sky
500,Cookeville,US,36.1628,-85.5016,72.86,47,1,1.99,clear sky
501,Kemijarvi,FI,66.7131,27.4306,45.1,87,100,9.31,overcast clouds
502,Hohhot,CN,40.8106,111.6522,53.89,94,0,6.71,clear sky
503,Awbari,LY,26.5921,12.7805,87.8,15,0,8.79,clear sky
504,Ambon,ID,-3.6954,128.1814,75.34,94,20,5.75,few clouds
505,Tifton,US,31.4505,-83.5085,79.45,50,1,6.91,clear sky
506,Nome,US,64.5011,-165.4064,30.16,86,100,3.42,overcast clouds
507,Hihya,EG,30.6713,31.588,76.08,61,0,6.98,clear sky
508,Porto Tolle,IT,44.9497,12.3245,70.05,65,0,8.1,clear sky
509,Denpasar,ID,-8.65,115.2167,78.46,94,40,10.36,scattered clouds
510,Muros,ES,42.7762,-9.0603,67.23,81,52,3.36,broken clouds
511,Sungaipenuh,ID,-2.0833,101.3833,64.38,96,49,1.97,moderate rain
512,Luau,AO,-10.7073,22.2247,77.54,23,88,1.3,overcast clouds
513,Mazagao,BR,-0.115,-51.2894,95.05,45,100,7.29,overcast clouds
514,San Juan,AR,-31.5375,-68.5364,83.73,13,0,8.37,clear sky
515,Necochea,AR,-38.5473,-58.7368,70.03,64,95,7.52,overcast clouds
516,Kavaratti,IN,10.5669,72.642,81.79,78,87,12.77,overcast clouds
517,Kulhudhuffushi,MV,6.6221,73.07,81.66,79,99,12.68,overcast clouds
518,North Platte,US,41.1239,-100.7654,70.99,54,100,7.0,overcast clouds
519,Luganville,VU,-15.5333,167.1667,76.46,86,91,9.62,overcast clouds
520,Fomento,CU,22.1039,-79.7217,90.52,50,30,1.63,light rain
521,Porto Novo,BJ,6.4965,2.6036,80.42,82,32,6.6,scattered clouds
522,Kasulu,TZ,-4.5767,30.1025,70.81,53,57,3.6,broken clouds
523,Galle,LK,6.0367,80.217,79.38,85,100,15.37,overcast clouds
524,Amnat Charoen,TH,15.9167,104.75,73.06,98,100,11.01,overcast clouds
525,Ixtapa,MX,20.7,-105.2,86.23,80,85,5.01,overcast clouds
526,Onda,ES,39.9667,-0.25,72.9,81,100,1.59,overcast clouds
527,Birao,CF,10.2849,22.7882,74.19,94,100,6.69,overcast clouds
528,Sacramento,US,38.4666,-121.3177,97.48,34,1,1.99,clear sky
529,Road Town,VG,18.4167,-64.6167,89.64,62,20,4.61,few clouds
530,Tuxpan,MX,19.55,-103.4,81.77,57,41,4.03,scattered clouds
531,La Primavera,CO,5.4906,-70.4092,78.19,87,91,5.44,heavy intensity rain
532,Pervomayskoye,RU,43.919,46.7102,55.15,83,77,6.49,broken clouds
533,General Roca,AR,-39.0333,-67.5833,84.6,16,0,26.04,clear sky
534,Gusau,NG,12.1628,6.6614,81.97,53,97,6.08,overcast clouds
535,Nhulunbuy,AU,-12.2333,136.7667,70.41,88,16,4.61,few clouds
536,Puerto Quijarro,BO,-17.7833,-57.7667,106.93,15,0,4.65,clear sky
537,Alindao,CF,5.0267,21.2088,70.3,96,14,2.39,few clouds
538,Jingdezhen,CN,29.2947,117.2079,74.55,83,42,4.12,light rain
539,Tehri,IN,30.3833,78.4833,70.65,93,5,3.49,clear sky
540,Plouzane,FR,48.3833,-4.6167,59.09,88,0,5.75,clear sky
541,Son La,VN,21.3167,103.9,68.65,100,100,1.16,overcast clouds
542,Yerbogachen,RU,61.2767,108.0108,39.2,82,100,4.54,overcast clouds
543,Liangxiang,CN,39.7319,116.14,66.11,98,100,2.51,light rain
544,San Carlos De Bariloche,AR,-41.1456,-71.3082,70.45,26,0,10.36,clear sky
545,Ossora,RU,59.2353,163.0719,39.83,76,9,3.38,clear sky
546,Mikkeli,FI,61.6886,27.2723,46.51,81,90,5.75,overcast clouds
547,Umm Lajj,SA,25.0213,37.2685,85.14,51,6,10.18,clear sky
548,Wanxian,CN,30.8039,108.3897,78.03,81,100,4.7,light rain
549,Julio De Castilhos,BR,-29.2269,-53.6817,62.98,71,28,7.29,scattered clouds
550,Chenghai,CN,23.4632,116.768,82.31,89,20,4.47,light rain
551,Bonavista,CA,48.6499,-53.1147,55.4,66,18,14.56,few clouds
552,Leon,MX,21.1167,-101.6667,80.15,50,79,2.91,broken clouds
553,Rajkot,IN,22.3,70.7833,77.9,89,25,8.14,scattered clouds
554,Ayan,RU,56.45,138.1667,52.09,56,25,5.77,scattered clouds
555,Puerto Ayacucho,VE,5.6639,-67.6236,77.32,90,100,1.9,overcast clouds
556,Muisne,EC,0.6,-80.0333,84.31,78,63,9.75,broken clouds
557,Kletskaya,RU,49.3145,43.0584,54.86,67,84,8.39,light rain
558,Najran,SA,17.4924,44.1277,83.05,19,100,2.21,overcast clouds
559,Deputatskiy,RU,69.3,139.9,25.09,87,84,5.32,broken clouds
560,Port Blair,IN,11.6667,92.75,80.42,83,96,13.53,overcast clouds
561,Yatou,CN,37.15,122.3833,67.86,85,100,3.44,light rain
562,Toamasina,MG,-18.1667,49.3833,71.6,94,75,4.61,light rain
563,Uyuni,BO,-20.4597,-66.825,61.0,17,0,14.52,clear sky
564,Krasnyy Luch,UA,48.1395,38.9371,50.36,69,100,9.6,light rain
565,Amuntai,ID,-2.4177,115.2494,74.07,97,100,0.58,overcast clouds
566,Topolobampo,MX,25.6,-109.05,93.06,55,14,7.54,few clouds
567,Pervomaysk,UA,48.0443,30.8507,51.76,78,100,11.65,overcast clouds
568,Fort Nelson,CA,58.8053,-122.7002,45.99,71,40,3.44,scattered clouds
569,Youkounkoun,GN,12.5333,-13.1333,79.54,84,85,3.67,overcast clouds
570,Saint-Pierre,RE,-21.3393,55.4781,71.28,79,0,17.27,clear sky
571,Tommot,RU,58.9564,126.2925,41.05,74,100,3.71,overcast clouds
572,Bardiyah,LY,31.7561,25.0865,71.89,56,0,3.85,clear sky
573,Burns Lake,CA,54.2331,-125.7533,49.42,67,100,5.73,overcast clouds
574,Blue Springs,US,39.0169,-94.2816,81.28,45,100,1.99,overcast clouds
575,Anadyr,RU,64.75,177.4833,27.1,86,40,11.01,light snow
576,Sol-Iletsk,RU,51.1631,54.9918,58.35,24,100,22.03,light rain
577,Mao,ES,39.8885,4.2658,77.56,88,75,10.36,broken clouds
578,Grand Gaube,MU,-20.0064,57.6608,72.37,74,0,5.99,clear sky
579,Sao Felix Do Xingu,BR,-6.6447,-51.995,91.42,38,45,7.7,scattered clouds
580,Alyangula,AU,-13.8483,136.4192,66.07,94,6,5.75,clear sky
581,Aleksandrov Gay,RU,50.147,48.5704,54.36,75,96,10.16,overcast clouds
582,Baker City,US,44.7749,-117.8344,70.93,44,0,3.22,clear sky
583,Hobyo,SO,5.3505,48.5268,78.22,85,100,20.96,overcast clouds
584,Slave Lake,CA,55.2834,-114.769,51.78,58,40,8.05,scattered clouds
585,Bulaevo,KZ,54.9056,70.4439,42.98,65,100,7.52,overcast clouds
586,Velyka Lepetykha,UA,47.1757,33.9436,53.06,86,66,13.09,broken clouds
587,Beinamar,TD,8.6698,15.3813,74.16,87,91,1.54,light rain
588,Treinta Y Tres,UY,-33.2333,-54.3833,62.31,74,99,10.36,overcast clouds
589,Forres,GB,57.6113,-3.6108,58.77,83,98,8.1,overcast clouds
590,Maunabo,PR,18.0072,-65.8993,92.52,78,87,7.65,overcast clouds
591,Teluknaga,ID,-6.0989,106.6381,82.62,83,40,5.99,scattered clouds
592,Cartagena,CO,10.3997,-75.5144,89.22,66,40,3.44,scattered clouds
593,Belyy Yar,RU,53.6039,91.3903,35.49,87,0,4.47,clear sky
594,Kuusamo,FI,65.9667,29.1833,42.84,100,90,10.36,overcast clouds
595,Boyolangu,ID,-8.1181,111.8935,74.32,93,73,2.17,broken clouds
596,Point Pedro,LK,9.8167,80.2333,81.3,80,100,10.96,overcast clouds
597,Samarai,PG,-10.6167,150.6667,78.1,87,43,8.59,scattered clouds
598,Seryshevo,RU,51.0933,128.3786,49.78,89,100,7.0,overcast clouds
599,Cairns,AU,-16.9167,145.7667,71.55,81,90,8.05,overcast clouds
600,Tondano,ID,1.3038,124.9112,68.09,94,100,2.13,overcast clouds
601,Kiunga,PG,-6.1219,141.2906,73.13,100,100,1.16,overcast clouds
602,Mobaye,CF,4.319,21.1786,70.14,97,65,2.59,broken clouds
603,Iwanai,JP,42.9744,140.5089,49.44,86,0,4.5,clear sky
604,Panguna,PG,-6.3164,155.4848,66.94,92,53,1.48,broken clouds
605,Vancouver,CA,49.2497,-123.1193,69.98,71,75,3.0,broken clouds
606,Tilichiki,RU,60.4667,166.1,31.42,74,5,5.28,clear sky
607,Yukamenskoye,RU,57.8865,52.2416,46.49,93,100,13.38,light rain
608,Cortez,US,37.3489,-108.5859,81.93,25,17,9.89,few clouds
609,Arlit,NE,18.7369,7.3853,95.5,7,7,11.27,clear sky
610,Tiksi,RU,71.6872,128.8694,33.17,78,100,13.65,overcast clouds
611,Kutum,SD,14.2,24.6667,82.6,21,100,11.32,overcast clouds
612,Jatai,BR,-17.8814,-51.7144,98.92,15,45,4.14,scattered clouds
613,Geraldton,AU,-28.7667,114.6,50.41,81,8,6.91,clear sky
614,Kashi,CN,39.4547,75.9797,70.81,13,0,6.71,clear sky
615,Karpathos,GR,35.507,27.2132,69.76,52,0,27.63,clear sky
616,Nioro,GM,13.35,-15.75,79.41,85,95,2.98,overcast clouds
617,Sabang,ID,5.8933,95.3214,82.92,74,87,16.4,overcast clouds
618,Peniche,PT,39.3558,-9.3811,69.62,87,6,11.5,clear sky
619,Kudeyevskiy,RU,54.8758,56.7567,49.23,47,100,7.72,light rain
620,Los Llanos De Aridane,ES,28.6585,-17.9182,71.35,86,75,4.61,volcanic ash
621,Aktash,RU,50.3,87.7333,17.29,95,92,1.72,overcast clouds
622,Sosva,RU,59.1766,61.8558,41.05,86,40,2.15,scattered clouds
623,Outlook,CA,51.5001,-107.0513,58.69,19,12,11.34,few clouds
624,Rio Gallegos,AR,-51.6226,-69.2181,69.85,24,75,25.32,broken clouds
625,Oranjestad,AW,12.524,-70.027,91.35,58,20,20.71,few clouds
626,Odweyne,SO,9.4092,45.064,77.4,50,90,13.65,overcast clouds
627,Nova Olinda Do Norte,BR,-3.8881,-59.0942,92.7,45,100,2.26,light rain
628,Wabag,PG,-5.4781,143.7021,51.75,97,89,2.04,overcast clouds
629,Jacmel,HT,18.2342,-72.5347,84.6,69,100,5.7,overcast clouds
630,Oistins,BB,13.0667,-59.5333,84.99,68,34,8.97,scattered clouds
631,Olga,RU,43.7444,135.2892,46.83,85,82,3.8,broken clouds
632,Maridi,SS,4.9158,29.4742,66.78,98,20,5.17,few clouds
633,Hokitika,NZ,-42.7167,170.9667,53.71,94,100,20.94,moderate rain
634,Oussouye,SN,12.485,-16.5469,79.9,86,90,5.5,overcast clouds
635,Wawa,NG,9.9022,4.4192,76.57,89,92,2.89,overcast clouds
636,Astoria,US,46.1879,-123.8313,77.7,71,0,10.0,clear sky
637,Bulach,CH,47.522,8.5405,64.49,80,0,2.3,clear sky
638,Cedar City,US,37.6775,-113.0619,72.39,24,0,6.38,clear sky
639,Shache,CN,38.4167,77.2406,72.46,18,0,6.64,clear sky
640,Hun,LY,29.1268,15.9477,84.34,38,0,9.6,clear sky
641,Severo-Yeniseyskiy,RU,60.3725,93.0408,27.27,99,100,2.66,overcast clouds
642,Kuching,MY,1.55,110.3333,79.02,89,40,0.0,scattered clouds
643,Krasnyy Yar,RU,46.5331,48.3456,53.53,78,97,13.35,overcast clouds
644,Zarate,AR,-34.0981,-59.0286,71.04,44,0,8.01,clear sky
645,Saint-Joseph,RE,-21.3667,55.6167,70.18,77,22,13.73,few clouds
646,Purranque,CL,-40.9167,-73.1667,71.47,40,21,2.37,few clouds
647,Mandurah,AU,-32.55,115.7,54.21,64,53,16.22,broken clouds
648,Elko,US,41.0002,-115.5012,73.74,25,6,3.0,clear sky
649,Vilya,RU,55.2456,42.2089,43.88,91,17,5.5,few clouds
650,Saint-Georges,GD,12.0564,-61.7485,85.06,68,57,8.41,broken clouds
651,Doha,QA,25.2867,51.5333,89.58,48,0,4.61,clear sky
652,Jurm,AF,36.8648,70.8342,60.3,19,0,2.93,clear sky
653,Bud,US,39.447,-86.1758,74.84,45,13,9.62,few clouds
654,Terrace,CA,54.5163,-128.6035,52.43,99,100,3.2,moderate rain
655,Columbus,US,39.9612,-82.9988,75.11,41,1,10.36,clear sky
656,Bose,IT,45.4612,8.0137,67.14,80,0,4.21,clear sky
657,Puerto Baquerizo Moreno,EC,-0.9,-89.6,70.61,82,76,8.81,broken clouds
658,Dudinka,RU,69.4058,86.1778,31.53,77,0,2.64,clear sky
659,Mattru,SL,7.6244,-11.8332,75.65,95,94,3.31,light rain
660,Adrar,MR,20.5022,-10.0711,95.47,17,81,8.86,broken clouds
661,Mahon,ES,39.8885,4.2658,77.56,88,75,10.36,broken clouds
662,Parakou,BJ,9.3372,2.6303,75.07,89,100,3.91,moderate rain
663,Viedma,AR,-40.8135,-62.9967,79.2,24,0,19.35,clear sky
664,Lavrentiya,RU,65.5833,-171.0,31.93,95,100,24.85,snow
665,Aztec,US,36.8222,-107.9929,83.82,18,7,3.58,clear sky
666,Dumas,US,35.8656,-101.9732,88.03,20,1,10.36,clear sky
667,Marabba,SD,12.35,32.1833,77.27,78,100,2.39,moderate rain
668,Sorland,NO,67.667,12.6934,48.06,76,100,19.01,overcast clouds
669,Ocean City,US,39.2776,-74.5746,77.18,45,0,5.01,clear sky
670,Baykit,RU,61.67,96.37,31.53,96,100,2.57,overcast clouds
671,Hoima,UG,1.4356,31.3436,63.54,94,19,3.96,few clouds
672,Anajatuba,BR,-3.2644,-44.6197,85.95,57,98,7.63,overcast clouds
673,Marsa Matruh,EG,31.3525,27.2453,72.43,56,1,15.14,clear sky
674,Sampit,ID,-2.5333,112.95,73.47,97,98,2.24,overcast clouds
675,Skegness,GB,53.1436,0.3363,69.87,82,100,12.57,overcast clouds
676,Tombouctou,ML,20.0,-3.0,96.48,12,8,3.04,clear sky
677,Riyadh,SA,24.6877,46.7219,91.54,12,13,11.21,few clouds
678,Beaverlodge,CA,55.2166,-119.4361,68.68,41,100,23.89,overcast clouds
679,Svobodnyy,RU,51.4,128.1333,51.22,84,100,6.62,light rain
680,Lakes Entrance,AU,-37.8811,147.981,47.57,86,40,16.89,scattered clouds
681,Tessalit,ML,20.1986,1.0114,95.74,12,11,6.82,few clouds
682,Grootfontein,NA,-19.5667,18.1167,77.99,15,0,7.65,clear sky
683,Bongouanou,CI,6.6486,-4.1992,73.42,97,100,2.84,light rain
684,Tianpeng,CN,30.9866,103.9393,75.63,92,52,6.49,light rain
685,Seydi,TM,39.4816,62.9137,74.48,16,0,10.11,clear sky
686,Henties Bay,NA,-22.116,14.2845,56.86,86,0,5.03,clear sky
687,Tumut,AU,-35.3,148.2167,37.24,95,2,1.9,clear sky
